{
  "type": "minecraft:crafting_shapeless",
  "group": "guangziteam:customize",
  "ingredients": [
    {
      "item": "minecraft:ender_eye"
    },
    {
      "item": "minecraft:blaze_rod"
    },
    {
      "item": "minecraft:clock"
    },
    {
      "item": "minecraft:phantom_membrane"
    },
    {
      "item": "minecraft:diamond"
    },
    {
      "item": "minecraft:glass"
    },
    {
      "item": "minecraft:redstone_block"
    },
    {
      "item": "minecraft:iron_block"
    },
    {
      "item": "minecraft:coal_block"
    }
  ],
  "result": {
    "item": "origins:orb_of_origin",
    "count": 1
  }
}
